[
	{"time":1,"commands":[
		{"id":1,"method":"algorithm.add","params":["equihash","equihash.eu.nicehash.com:3357","34HKWdzLxWBduUfJE9JxaFhoXnfC6gmePG.testrig"]}
	]},
	{"time":2,"commands":[
		{"id":1,"method":"worker.add","params":["0","1"]},
		{"id":1,"method":"worker.add","params":["0","2"]},
		{"id":1,"method":"worker.add","params":["0","3"]}
	]},
	{"time":5,"commands":[
		{"id":1,"method":"device.set.power_limit","params":["0","150"]},
		{"id":1,"method":"device.set.core_delta","params":["0","240"]},
		{"id":1,"method":"device.set.memory_delta","params":["0","-300"]},
		{"id":1,"method":"device.set.power_limit","params":["1","90"]},
		{"id":1,"method":"device.set.core_delta","params":["1","100"]},
		{"id":1,"method":"device.set.memory_delta","params":["1","700"]},
		{"id":1,"method":"device.set.power_limit","params":["2","126"]},
		{"id":1,"method":"device.set.core_delta","params":["2","130"]},
		{"id":1,"method":"device.set.memory_delta","params":["2","900"]},
		{"id":1,"method":"device.set.power_limit","params":["3","126"]},
		{"id":1,"method":"device.set.core_delta","params":["3","100"]},
		{"id":1,"method":"device.set.memory_delta","params":["3","600"]}
	]},
	{"time":10,"commands":[
		{"id":1,"method":"worker.reset","params":["0"]},
		{"id":1,"method":"worker.reset","params":["1"]},
		{"id":1,"method":"worker.reset","params":["2"]}
	]},
	{"time":15,"loop":15,"commands":[
	  	{"id":1,"method":"algorithm.print.speeds","params":[]}
	]},
	{"event":"on_quit","commands":[
		{"id":1,"method":"device.set.tdp","params":["0","100"]},
		{"id":1,"method":"device.set.core_delta","params":["0","0"]},
		{"id":1,"method":"device.set.memory_delta","params":["0","0"]},
		{"id":1,"method":"device.set.tdp","params":["1","100"]},
		{"id":1,"method":"device.set.core_delta","params":["1","0"]},
		{"id":1,"method":"device.set.memory_delta","params":["1","0"]},
		{"id":1,"method":"device.set.tdp","params":["2","100"]},
		{"id":1,"method":"device.set.core_delta","params":["2","0"]},
		{"id":1,"method":"device.set.memory_delta","params":["2","0"]},
		{"id":1,"method":"device.set.tdp","params":["3","100"]},
		{"id":1,"method":"device.set.core_delta","params":["3","0"]},
		{"id":1,"method":"device.set.memory_delta","params":["3","0"]}
	]}
]